[
  {
    "firstName": "Carr",
    "lastName": "Becconsall",
    "email": "cbecconsall0@rediff.com",
    "phone": "922-661-0247",
    "photo": "https://robohash.org/enimautcorporis.jpg?size=250x250&set=set1"
  },
  {
    "firstName": "Chlo",
    "lastName": "Godier",
    "email": "cgodier1@yahoo.com",
    "phone": "145-896-4281",
    "photo": "https://robohash.org/quoetsimilique.jpg?size=250x250&set=set1"
  },
  {
    "firstName": "Donnajean",
    "lastName": "Hiom",
    "email": "dhiom2@tamu.edu",
    "phone": "987-316-1637",
    "photo": "https://robohash.org/utautodit.jpg?size=250x250&set=set1"
  },
  {
    "firstName": "Neila",
    "lastName": "Clubley",
    "email": "nclubley3@youtu.be",
    "phone": "814-785-7905",
    "photo": "https://robohash.org/placeatitaquemolestiae.jpg?size=250x250&set=set1"
  },
  {
    "firstName": "Debera",
    "lastName": "Grissett",
    "email": "dgrissett4@goodreads.com",
    "phone": "278-445-2824",
    "photo": "https://robohash.org/adipisciofficiacumque.jpg?size=250x250&set=set1"
  },
  {
    "firstName": "Maureen",
    "lastName": "Leggin",
    "email": "mleggin5@a8.net",
    "phone": "534-869-6315",
    "photo": "https://robohash.org/repudiandaeessedignissimos.jpg?size=250x250&set=set1"
  },
  {
    "firstName": "Buffy",
    "lastName": "Wellsman",
    "email": "bwellsman6@dailymail.co.uk",
    "phone": "470-512-5311",
    "photo": "https://robohash.org/natusquodvitae.jpg?size=250x250&set=set1"
  },
  {
    "firstName": "Kahaleel",
    "lastName": "Linton",
    "email": "klinton7@state.gov",
    "phone": "941-896-4621",
    "photo": "https://robohash.org/dolorsedlaudantium.jpg?size=250x250&set=set1"
  },
  {
    "firstName": "Tabina",
    "lastName": "Cowoppe",
    "email": "tcowoppe8@macromedia.com",
    "phone": "405-443-3771",
    "photo": "https://robohash.org/maioreseosquasi.jpg?size=250x250&set=set1"
  },
  {
    "firstName": "Florella",
    "lastName": "Harrell",
    "email": "fharrell9@prnewswire.com",
    "phone": "206-392-8879",
    "photo": "https://robohash.org/temporesedmolestiae.jpg?size=250x250&set=set1"
  },
  {
    "firstName": "Mechelle",
    "lastName": "Cathersides",
    "email": "mcathersidesa@chron.com",
    "phone": "376-370-2338",
    "photo": "https://robohash.org/assumendaetfacere.jpg?size=250x250&set=set1"
  },
  {
    "firstName": "Pyotr",
    "lastName": "Gair",
    "email": "pgairb@booking.com",
    "phone": "488-365-1336",
    "photo": "https://robohash.org/necessitatibusprovidentnatus.jpg?size=250x250&set=set1"
  },
  {
    "firstName": "Clarice",
    "lastName": "Lethebridge",
    "email": "clethebridgec@networksolutions.com",
    "phone": "265-420-8275",
    "photo": "https://robohash.org/quiaspernaturreprehenderit.jpg?size=250x250&set=set1"
  },
  {
    "firstName": "Bank",
    "lastName": "Pickrill",
    "email": "bpickrilld@hubpages.com",
    "phone": "689-814-2146",
    "photo": "https://robohash.org/etestmodi.jpg?size=250x250&set=set1"
  },
  {
    "firstName": "Isabeau",
    "lastName": "Luff",
    "email": "iluffe@privacy.gov.au",
    "phone": "546-794-2300",
    "photo": "https://robohash.org/idautvelit.jpg?size=250x250&set=set1"
  },
  {
    "firstName": "Aila",
    "lastName": "Butlin",
    "email": "abutlinf@washington.edu",
    "phone": "437-116-9638",
    "photo": "https://robohash.org/adipisciutmollitia.jpg?size=250x250&set=set1"
  },
  {
    "firstName": "Deb",
    "lastName": "Creasey",
    "email": "dcreaseyg@tinyurl.com",
    "phone": "958-301-0798",
    "photo": "https://robohash.org/estdoloremquedolor.jpg?size=250x250&set=set1"
  },
  {
    "firstName": "Rogers",
    "lastName": "Goulstone",
    "email": "rgoulstoneh@patch.com",
    "phone": "218-635-2366",
    "photo": "https://robohash.org/explicabodebitisrem.jpg?size=250x250&set=set1"
  },
  {
    "firstName": "Nettle",
    "lastName": "Hurlston",
    "email": "nhurlstoni@mlb.com",
    "phone": "795-714-7167",
    "photo": "https://robohash.org/voluptatemquiamolestias.jpg?size=250x250&set=set1"
  },
  {
    "firstName": "Ingar",
    "lastName": "Shawyers",
    "email": "ishawyersj@nba.com",
    "phone": "846-528-2653",
    "photo": "https://robohash.org/recusandaenihilodio.jpg?size=250x250&set=set1"
  },
  {
    "firstName": "Giuseppe",
    "lastName": "Benzie",
    "email": "gbenziek@shinystat.com",
    "phone": "506-792-7677",
    "photo": "https://robohash.org/velitenimitaque.jpg?size=250x250&set=set1"
  },
  {
    "firstName": "Carola",
    "lastName": "Epple",
    "email": "cepplel@apache.org",
    "phone": "814-416-1090",
    "photo": "https://robohash.org/autlaboriosamquia.jpg?size=250x250&set=set1"
  },
  {
    "firstName": "Yorker",
    "lastName": "Puddin",
    "email": "ypuddinm@mediafire.com",
    "phone": "887-722-6776",
    "photo": "https://robohash.org/quoetatque.jpg?size=250x250&set=set1"
  },
  {
    "firstName": "Ichabod",
    "lastName": "Berwick",
    "email": "iberwickn@nbcnews.com",
    "phone": "354-694-1274",
    "photo": "https://robohash.org/earumdoloremvoluptas.jpg?size=250x250&set=set1"
  },
  {
    "firstName": "Hendrika",
    "lastName": "Grasser",
    "email": "hgrassero@ft.com",
    "phone": "893-463-6252",
    "photo": "https://robohash.org/aliquidquassuscipit.jpg?size=250x250&set=set1"
  },
  {
    "firstName": "Sharline",
    "lastName": "Waggatt",
    "email": "swaggattp@cafepress.com",
    "phone": "875-642-2417",
    "photo": "https://robohash.org/nonautincidunt.jpg?size=250x250&set=set1"
  },
  {
    "firstName": "Lissie",
    "lastName": "Stonier",
    "email": "lstonierq@washington.edu",
    "phone": "211-403-1601",
    "photo": "https://robohash.org/praesentiumnumquamipsa.jpg?size=250x250&set=set1"
  },
  {
    "firstName": "Babb",
    "lastName": "Roser",
    "email": "broserr@google.de",
    "phone": "985-994-4106",
    "photo": "https://robohash.org/minusquodsint.jpg?size=250x250&set=set1"
  },
  {
    "firstName": "Abdel",
    "lastName": "Wingfield",
    "email": "awingfields@weebly.com",
    "phone": "843-756-6193",
    "photo": "https://robohash.org/quasoccaecatierror.jpg?size=250x250&set=set1"
  },
  {
    "firstName": "Elfrida",
    "lastName": "Dugall",
    "email": "edugallt@biglobe.ne.jp",
    "phone": "205-487-1214",
    "photo": "https://robohash.org/nisinullaest.jpg?size=250x250&set=set1"
  },
  {
    "firstName": "Marie",
    "lastName": "Dorrance",
    "email": "mdorranceu@earthlink.net",
    "phone": "454-327-9133",
    "photo": "https://robohash.org/undeutvoluptatem.jpg?size=250x250&set=set1"
  },
  {
    "firstName": "Nap",
    "lastName": "Lockhart",
    "email": "nlockhartv@icq.com",
    "phone": "956-572-6003",
    "photo": "https://robohash.org/ipsanihilamet.jpg?size=250x250&set=set1"
  },
  {
    "firstName": "Holly",
    "lastName": "Gerhardt",
    "email": "hgerhardtw@accuweather.com",
    "phone": "396-576-6288",
    "photo": "https://robohash.org/culparationeitaque.jpg?size=250x250&set=set1"
  },
  {
    "firstName": "Derrik",
    "lastName": "Livick",
    "email": "dlivickx@livejournal.com",
    "phone": "474-358-3369",
    "photo": "https://robohash.org/consequaturvoluptatemharum.jpg?size=250x250&set=set1"
  },
  {
    "firstName": "Bevan",
    "lastName": "Melliard",
    "email": "bmelliardy@theglobeandmail.com",
    "phone": "298-489-8952",
    "photo": "https://robohash.org/corruptiperferendisomnis.jpg?size=250x250&set=set1"
  },
  {
    "firstName": "Antoni",
    "lastName": "Breznovic",
    "email": "abreznovicz@pbs.org",
    "phone": "409-116-4302",
    "photo": "https://robohash.org/quiaspernaturcupiditate.jpg?size=250x250&set=set1"
  },
  {
    "firstName": "Chandler",
    "lastName": "D'Hooge",
    "email": "cdhooge10@exblog.jp",
    "phone": "119-296-5259",
    "photo": "https://robohash.org/odiovoluptassunt.jpg?size=250x250&set=set1"
  },
  {
    "firstName": "Mariquilla",
    "lastName": "Pettyfer",
    "email": "mpettyfer11@shareasale.com",
    "phone": "148-649-2055",
    "photo": "https://robohash.org/officiautlaboriosam.jpg?size=250x250&set=set1"
  },
  {
    "firstName": "Panchito",
    "lastName": "Crosoer",
    "email": "pcrosoer12@mayoclinic.com",
    "phone": "137-810-2265",
    "photo": "https://robohash.org/sintporrovoluptas.jpg?size=250x250&set=set1"
  },
  {
    "firstName": "Gunilla",
    "lastName": "Yaus",
    "email": "gyaus13@wikia.com",
    "phone": "379-879-5763",
    "photo": "https://robohash.org/dolorumistedolore.jpg?size=250x250&set=set1"
  },
  {
    "firstName": "Rowan",
    "lastName": "Zelake",
    "email": "rzelake14@sina.com.cn",
    "phone": "763-961-2068",
    "photo": "https://robohash.org/eumomnisut.jpg?size=250x250&set=set1"
  },
  {
    "firstName": "Robina",
    "lastName": "Mitchell",
    "email": "rmitchell15@google.fr",
    "phone": "668-681-8704",
    "photo": "https://robohash.org/adpossimusrerum.jpg?size=250x250&set=set1"
  },
  {
    "firstName": "Earle",
    "lastName": "Lanfere",
    "email": "elanfere16@spiegel.de",
    "phone": "331-847-0761",
    "photo": "https://robohash.org/voluptaseaquenon.jpg?size=250x250&set=set1"
  },
  {
    "firstName": "Del",
    "lastName": "Hayworth",
    "email": "dhayworth17@etsy.com",
    "phone": "778-855-4884",
    "photo": "https://robohash.org/consequaturlaboreaspernatur.jpg?size=250x250&set=set1"
  },
  {
    "firstName": "Thurston",
    "lastName": "Clare",
    "email": "tclare18@telegraph.co.uk",
    "phone": "725-352-5406",
    "photo": "https://robohash.org/reiciendisexercitationemomnis.jpg?size=250x250&set=set1"
  },
  {
    "firstName": "Bennie",
    "lastName": "Sibbit",
    "email": "bsibbit19@newyorker.com",
    "phone": "237-639-1402",
    "photo": "https://robohash.org/isteadexplicabo.jpg?size=250x250&set=set1"
  },
  {
    "firstName": "Leroy",
    "lastName": "Mollitt",
    "email": "lmollitt1a@about.me",
    "phone": "175-271-3763",
    "photo": "https://robohash.org/quipraesentiumest.jpg?size=250x250&set=set1"
  },
  {
    "firstName": "Nolie",
    "lastName": "Girtin",
    "email": "ngirtin1b@house.gov",
    "phone": "982-649-0651",
    "photo": "https://robohash.org/utquisquamid.jpg?size=250x250&set=set1"
  },
  {
    "firstName": "Giulia",
    "lastName": "Costigan",
    "email": "gcostigan1c@china.com.cn",
    "phone": "623-554-5960",
    "photo": "https://robohash.org/nesciuntipsadolorem.jpg?size=250x250&set=set1"
  },
  {
    "firstName": "Feodor",
    "lastName": "Heningham",
    "email": "fheningham1d@senate.gov",
    "phone": "281-758-8836",
    "photo": "https://robohash.org/accusantiumquisconsectetur.jpg?size=250x250&set=set1"
  },
  {
    "firstName": "Hortense",
    "lastName": "Disdel",
    "email": "hdisdel1e@howstuffworks.com",
    "phone": "474-746-7505",
    "photo": "https://robohash.org/noninharum.jpg?size=250x250&set=set1"
  },
  {
    "firstName": "Bambi",
    "lastName": "Aldrich",
    "email": "baldrich1f@g.co",
    "phone": "700-359-6379",
    "photo": "https://robohash.org/laudantiumarchitectosint.jpg?size=250x250&set=set1"
  },
  {
    "firstName": "Dave",
    "lastName": "Pardi",
    "email": "dpardi1g@zdnet.com",
    "phone": "637-519-4511",
    "photo": "https://robohash.org/mollitiaablibero.jpg?size=250x250&set=set1"
  },
  {
    "firstName": "Isaiah",
    "lastName": "Bibb",
    "email": "ibibb1h@ucsd.edu",
    "phone": "443-127-9574",
    "photo": "https://robohash.org/voluptasnihilconsequatur.jpg?size=250x250&set=set1"
  },
  {
    "firstName": "Malissa",
    "lastName": "Corzon",
    "email": "mcorzon1i@amazon.co.jp",
    "phone": "480-957-9901",
    "photo": "https://robohash.org/magniautaspernatur.jpg?size=250x250&set=set1"
  },
  {
    "firstName": "Theresa",
    "lastName": "Faltin",
    "email": "tfaltin1j@youku.com",
    "phone": "643-953-2782",
    "photo": "https://robohash.org/voluptasquosest.jpg?size=250x250&set=set1"
  },
  {
    "firstName": "Rae",
    "lastName": "Welburn",
    "email": "rwelburn1k@howstuffworks.com",
    "phone": "857-419-6080",
    "photo": "https://robohash.org/minusquised.jpg?size=250x250&set=set1"
  },
  {
    "firstName": "Beatrice",
    "lastName": "Rigmond",
    "email": "brigmond1l@cargocollective.com",
    "phone": "284-297-7910",
    "photo": "https://robohash.org/etarchitectooccaecati.jpg?size=250x250&set=set1"
  },
  {
    "firstName": "Bernice",
    "lastName": "Fransemai",
    "email": "bfransemai1m@ovh.net",
    "phone": "284-956-0679",
    "photo": "https://robohash.org/reprehenderitdebitisea.jpg?size=250x250&set=set1"
  },
  {
    "firstName": "Lotta",
    "lastName": "Ponnsett",
    "email": "lponnsett1n@blogger.com",
    "phone": "918-962-8738",
    "photo": "https://robohash.org/eligendieumet.jpg?size=250x250&set=set1"
  },
  {
    "firstName": "Maryrose",
    "lastName": "Kennford",
    "email": "mkennford1o@kickstarter.com",
    "phone": "770-715-2002",
    "photo": "https://robohash.org/expeditaenimperferendis.jpg?size=250x250&set=set1"
  },
  {
    "firstName": "Almeta",
    "lastName": "Auty",
    "email": "aauty1p@gmpg.org",
    "phone": "333-544-8567",
    "photo": "https://robohash.org/minusconsequaturexcepturi.jpg?size=250x250&set=set1"
  },
  {
    "firstName": "Carlota",
    "lastName": "Toombs",
    "email": "ctoombs1q@boston.com",
    "phone": "730-122-4745",
    "photo": "https://robohash.org/utveleos.jpg?size=250x250&set=set1"
  },
  {
    "firstName": "Don",
    "lastName": "Older",
    "email": "dolder1r@ow.ly",
    "phone": "507-862-9074",
    "photo": "https://robohash.org/culpaquamet.jpg?size=250x250&set=set1"
  },
  {
    "firstName": "Zacharia",
    "lastName": "MacGiolla Pheadair",
    "email": "zmacgiollapheadair1s@archive.org",
    "phone": "399-350-8202",
    "photo": "https://robohash.org/exercitationemquisquamet.jpg?size=250x250&set=set1"
  },
  {
    "firstName": "Jacquetta",
    "lastName": "McMurray",
    "email": "jmcmurray1t@livejournal.com",
    "phone": "832-991-8635",
    "photo": "https://robohash.org/autsaeperepellat.jpg?size=250x250&set=set1"
  },
  {
    "firstName": "Trumann",
    "lastName": "Ezzy",
    "email": "tezzy1u@walmart.com",
    "phone": "836-544-1949",
    "photo": "https://robohash.org/dictalaboreautem.jpg?size=250x250&set=set1"
  },
  {
    "firstName": "Fonzie",
    "lastName": "Suffe",
    "email": "fsuffe1v@irs.gov",
    "phone": "523-606-8091",
    "photo": "https://robohash.org/solutaquoexercitationem.jpg?size=250x250&set=set1"
  },
  {
    "firstName": "Ranice",
    "lastName": "Kelway",
    "email": "rkelway1w@cdc.gov",
    "phone": "633-640-6657",
    "photo": "https://robohash.org/eaqueearumeius.jpg?size=250x250&set=set1"
  },
  {
    "firstName": "Noam",
    "lastName": "Proom",
    "email": "nproom1x@wikipedia.org",
    "phone": "960-553-5522",
    "photo": "https://robohash.org/magniharumdeserunt.jpg?size=250x250&set=set1"
  },
  {
    "firstName": "Annamarie",
    "lastName": "Folliott",
    "email": "afolliott1y@ibm.com",
    "phone": "798-688-7600",
    "photo": "https://robohash.org/consequunturadipiscivero.jpg?size=250x250&set=set1"
  },
  {
    "firstName": "Lelia",
    "lastName": "La Batie",
    "email": "llabatie1z@whitehouse.gov",
    "phone": "923-682-1326",
    "photo": "https://robohash.org/adipiscinullaamet.jpg?size=250x250&set=set1"
  },
  {
    "firstName": "Sascha",
    "lastName": "Noden",
    "email": "snoden20@unblog.fr",
    "phone": "275-187-9493",
    "photo": "https://robohash.org/sedquotempore.jpg?size=250x250&set=set1"
  },
  {
    "firstName": "Stephana",
    "lastName": "Peeke",
    "email": "speeke21@flavors.me",
    "phone": "114-201-6797",
    "photo": "https://robohash.org/voluptatemerrornam.jpg?size=250x250&set=set1"
  },
  {
    "firstName": "Larisa",
    "lastName": "Mycroft",
    "email": "lmycroft22@scribd.com",
    "phone": "130-291-8118",
    "photo": "https://robohash.org/omnisearumnam.jpg?size=250x250&set=set1"
  },
  {
    "firstName": "Shalna",
    "lastName": "Schonfeld",
    "email": "sschonfeld23@bbb.org",
    "phone": "926-393-3098",
    "photo": "https://robohash.org/eteligendieum.jpg?size=250x250&set=set1"
  },
  {
    "firstName": "Blondy",
    "lastName": "Ebbs",
    "email": "bebbs24@weibo.com",
    "phone": "302-101-7250",
    "photo": "https://robohash.org/sitametveniam.jpg?size=250x250&set=set1"
  },
  {
    "firstName": "Marcellina",
    "lastName": "Barbie",
    "email": "mbarbie25@shop-pro.jp",
    "phone": "522-949-6870",
    "photo": "https://robohash.org/estsuntquod.jpg?size=250x250&set=set1"
  },
  {
    "firstName": "Richmound",
    "lastName": "Scanes",
    "email": "rscanes26@craigslist.org",
    "phone": "418-389-1324",
    "photo": "https://robohash.org/nullafugitaut.jpg?size=250x250&set=set1"
  },
  {
    "firstName": "Stern",
    "lastName": "Spurrett",
    "email": "sspurrett27@guardian.co.uk",
    "phone": "231-623-7656",
    "photo": "https://robohash.org/evenietnatusvoluptate.jpg?size=250x250&set=set1"
  },
  {
    "firstName": "Erny",
    "lastName": "Haistwell",
    "email": "ehaistwell28@unicef.org",
    "phone": "427-659-8068",
    "photo": "https://robohash.org/repellendusnonid.jpg?size=250x250&set=set1"
  },
  {
    "firstName": "Almeta",
    "lastName": "Audibert",
    "email": "aaudibert29@delicious.com",
    "phone": "949-670-1889",
    "photo": "https://robohash.org/utnihilqui.jpg?size=250x250&set=set1"
  },
  {
    "firstName": "Delmore",
    "lastName": "Ordemann",
    "email": "dordemann2a@google.de",
    "phone": "983-134-4178",
    "photo": "https://robohash.org/totamestmaiores.jpg?size=250x250&set=set1"
  },
  {
    "firstName": "Kip",
    "lastName": "Halso",
    "email": "khalso2b@usnews.com",
    "phone": "232-592-9594",
    "photo": "https://robohash.org/quisquamnisiexcepturi.jpg?size=250x250&set=set1"
  },
  {
    "firstName": "Corette",
    "lastName": "MacArdle",
    "email": "cmacardle2c@constantcontact.com",
    "phone": "814-221-4102",
    "photo": "https://robohash.org/quidemquisvoluptas.jpg?size=250x250&set=set1"
  },
  {
    "firstName": "Fax",
    "lastName": "Eagleston",
    "email": "feagleston2d@bing.com",
    "phone": "316-471-6562",
    "photo": "https://robohash.org/enimundeet.jpg?size=250x250&set=set1"
  },
  {
    "firstName": "Pepi",
    "lastName": "Twitching",
    "email": "ptwitching2e@house.gov",
    "phone": "278-647-8163",
    "photo": "https://robohash.org/enimmolestiasqui.jpg?size=250x250&set=set1"
  },
  {
    "firstName": "Linnie",
    "lastName": "Killby",
    "email": "lkillby2f@statcounter.com",
    "phone": "552-403-0938",
    "photo": "https://robohash.org/veroillumquia.jpg?size=250x250&set=set1"
  },
  {
    "firstName": "Dwight",
    "lastName": "Davana",
    "email": "ddavana2g@canalblog.com",
    "phone": "165-403-4917",
    "photo": "https://robohash.org/eligendioptiocommodi.jpg?size=250x250&set=set1"
  },
  {
    "firstName": "Myrtia",
    "lastName": "Hollows",
    "email": "mhollows2h@cisco.com",
    "phone": "318-902-8612",
    "photo": "https://robohash.org/etearumeaque.jpg?size=250x250&set=set1"
  },
  {
    "firstName": "Elfrida",
    "lastName": "Aleso",
    "email": "ealeso2i@umich.edu",
    "phone": "472-259-9389",
    "photo": "https://robohash.org/estoditdolore.jpg?size=250x250&set=set1"
  },
  {
    "firstName": "Ashlan",
    "lastName": "Leveritt",
    "email": "aleveritt2j@zdnet.com",
    "phone": "867-533-0372",
    "photo": "https://robohash.org/repellendusquisquamiure.jpg?size=250x250&set=set1"
  },
  {
    "firstName": "Filippo",
    "lastName": "Dilworth",
    "email": "fdilworth2k@free.fr",
    "phone": "906-971-6840",
    "photo": "https://robohash.org/deseruntomnisrepudiandae.jpg?size=250x250&set=set1"
  },
  {
    "firstName": "Elysha",
    "lastName": "Grasha",
    "email": "egrasha2l@theglobeandmail.com",
    "phone": "819-696-5626",
    "photo": "https://robohash.org/dolorumarchitectoea.jpg?size=250x250&set=set1"
  },
  {
    "firstName": "Randolf",
    "lastName": "Brasner",
    "email": "rbrasner2m@dedecms.com",
    "phone": "616-459-0340",
    "photo": "https://robohash.org/veritatisutautem.jpg?size=250x250&set=set1"
  },
  {
    "firstName": "Darleen",
    "lastName": "Dartan",
    "email": "ddartan2n@howstuffworks.com",
    "phone": "447-484-0351",
    "photo": "https://robohash.org/temporibusdolorumut.jpg?size=250x250&set=set1"
  },
  {
    "firstName": "Kerr",
    "lastName": "Swann",
    "email": "kswann2o@shareasale.com",
    "phone": "238-325-2695",
    "photo": "https://robohash.org/etquasiqui.jpg?size=250x250&set=set1"
  },
  {
    "firstName": "Raynor",
    "lastName": "Drakes",
    "email": "rdrakes2p@nyu.edu",
    "phone": "497-922-6341",
    "photo": "https://robohash.org/nobisreprehenderitmollitia.jpg?size=250x250&set=set1"
  },
  {
    "firstName": "Sebastien",
    "lastName": "Gerg",
    "email": "sgerg2q@illinois.edu",
    "phone": "554-123-7026",
    "photo": "https://robohash.org/voluptascupiditatevel.jpg?size=250x250&set=set1"
  },
  {
    "firstName": "Farand",
    "lastName": "Bruffell",
    "email": "fbruffell2r@blinklist.com",
    "phone": "133-795-2140",
    "photo": "https://robohash.org/sitlaborumdolor.jpg?size=250x250&set=set1"
  }
]

